"Index","Record","Symbol","Description","Location","Mean","Peak -logP","Peak Location","Effect Size"
"17771","UNCHAR_LOC120099939","LOC120099939","uncharacterized LOC120099939","Chr1: 182.637159","2.582","175.6","Chr1: 181.810195","4.164"
"4848","UNCHAR_Eno1-ps20","Eno1-ps20","enolase 1, pseudogene 20","Chr4: 150.929142","6.779","160.6","Chr5: 160.724189","4.484"
"9533","ENSRNOG00000076275","LOC102549024","uncharacterized LOC102549024","Chr4: 175.285951","4.970","157.8","Chr4: 175.154923","-5.604"
"26677","ENSRNOG00000004381","Rfk-ps3","riboflavin kinase, pseudogene 3","Chr3: 86.512352","2.010","150.6","Chr1: 214.758666","3.355"
"9548","ENSRNOG00000066208","LOC102549099","uncharacterized LOC102549099","Chr15: 51.192637","5.191","149.9","Chr15: 50.896269","-4.676"
"24601","ENSRNOG00000019208","P2rx5","purinergic receptor P2X 5","Chr10: 57.777736","2.808","144.7","Chr10: 56.935705","-3.735"
"20631","UNCHAR_LOC691532","LOC691532","uncharacterized LOC691532","Chr3: 107.280024","5.980","144.0","Chr8: 44.681539","4.115"
"10998","UNCHAR_LOC102555965","LOC102555965","uncharacterized LOC102555965","Chr1: 184.499295","5.007","142.9","Chr1: 184.570953","-4.917"
"20430","UNCHAR_LOC685157","LOC685157","uncharacterized LOC685157","Chr12: 18.799390","2.156","134.2","Chr12: 19.032032","-2.929"
"5147","ENSRNOG00000012067","Fam111a","FAM111 trypsin like peptidase A","Chr1: 209.640864","5.134","133.9","Chr1: 209.858238","3.869"
"26952","UNCHAR_RGD1562844","RGD1562844","uncharacterized RGD1562844","Chr17: 31.386217","2.517","133.7","Chr17: 31.438420","-3.514"
"27787","ENSRNOG00000029386","RT1-N2","RT1 class Ib, locus N2","Chr20: 2.641156","4.918","133.4","Chr20: 2.687516","-3.817"
"11611","UNCHAR_LOC103693260","LOC103693260","uncharacterized LOC103693260","Chr10: 2.221334","3.475","129.8","Chr10: 1.082663","3.282"
"7166","ENSRNOG00000019050","Ifit1","interferon-induced protein with tetratricopeptide repeats 1","Chr1: 232.152037","2.711","129.2","Chr1: 231.862988","3.204"
"184","ENSRNOG00000051912","Acnat2","acyl-coenzyme A amino acid N-acyltransferase 2","Chr5: 63.757520","11.525","128.0","Chr5: 63.700422","-1.972"
"28053","ENSRNOG00000009636","Scrn1","secernin 1","Chr4: 83.694224","4.560","125.7","Chr4: 83.871948","3.174"
"10409","UNCHAR_LOC102553008","LOC102553008","uncharacterized LOC102553008","Chr16: 45.901941","7.408","125.3","Chr16: 45.587763","-2.889"
"13106","UNCHAR_LOC120093125","LOC120093125","uncharacterized LOC120093125","Chr20: 2.624072","6.972","123.2","Chr20: 3.210100","2.892"
"12088","UNCHAR_LOC108349532","LOC108349532","high mobility group protein B1 pseudogene","Chr1: 163.050053","2.990","122.4","Chr12: 5.976284","2.332"
"21945","ENSRNOG00000010834","Mpped1","metallophosphoesterase domain containing 1","Chr7: 114.932220","1.938","122.3","Chr7: 114.967349","-2.242"
"1515","ENSRNOG00000012027","Bco1","beta-carotene oxygenase 1","Chr19: 45.149249","6.979","121.7","Chr19: 45.316201","-1.555"
"4128","ENSRNOG00000082925","Dhfr","dihydrofolate reductase","Chr2: 23.585875","8.515","121.0","Chr2: 23.477875","1.478"
"20908","ENSRNOG00000034139","Lyc2","lysozyme C type 2","Chr7: 52.887103","8.651","120.9","Chr7: 53.139710","-2.090"
"27758","UNCHAR_RT1-CE12","RT1-CE12","RT1 class I, locus CE12","Chr20: 3.342546","6.780","119.9","Chr20: 3.601132","2.600"
"2985","ENSRNOG00000013334_2","Clca2","chloride channel accessory 5","Chr2: 234.022690","5.970","118.8","Chr2: 234.106103","3.703"
"27762","ENSRNOG00000071225","RT1-CE16","RT1 class I, locus CE16","Chr20: 3.260695","10.169","115.0","Chr20: 3.601132","-2.264"
"21791","ENSRNOG00000021555","Mis18a","MIS18 kinetochore protein A","Chr11: 29.981057","3.768","113.8","Chr11: 29.858552","2.362"
"3813","ENSRNOG00000042496","Cyp4f37","cytochrome P450, family 4, subfamily f, polypeptide 37","Chr7: 11.572572","2.384","113.6","Chr7: 11.496541","-2.347"
"11329","UNCHAR_LOC103691422","LOC103691422","uncharacterized LOC103691422","Chr2: 24.481553","4.467","111.6","Chr2: 24.478320","2.623"
"26657","ENSRNOG00000014090","Retsat","retinol saturase","Chr4: 104.653305","13.674","109.7","Chr4: 104.785882","-1.267"
"32319","ENSRNOG00000069670","Ugt2b","UDP-glucuronosyltransferase 2B2","Chr14: 20.630571","13.311","109.5","Chr14: 19.903596","-4.760"
"10540","UNCHAR_LOC102553702","LOC102553702","uncharacterized LOC102553702","Chr1: 234.506901","4.824","106.7","Chr1: 234.254973","-2.928"
"818","ENSRNOG00000014453","Anxa5","annexin A5","Chr2: 119.344702","9.429","104.9","Chr2: 118.817402","-1.323"
"7003","ENSRNOG00000000605","Hs3st5","heparan sulfate-glucosamine 3-sulfotransferase 5","Chr20: 40.106875","1.345","103.7","Chr20: 38.978291","2.784"
"27752","ENSRNOG00000071249","RT1-A3","RT1 class I, locus A3","Chr20: 4.847572","8.680","103.4","Chr20: 5.002150","-3.372"
"8534","ENSRNOG00000022490","LOC100361008","Cytochrome c oxidase subunit 5A, mitochondrial-like","Chr3: 13.804502","6.348","102.2","Chr8: 58.034773","2.411"
"12715","UNCHAR_LOC108352105","LOC108352105","uncharacterized LOC108352105","Chr10: 57.777689","2.619","101.8","Chr10: 56.935705","-2.760"
"18886","UNCHAR_LOC120101677","LOC120101677","uncharacterized LOC120101677","Chr3: 122.794642","6.824","101.0","Chr15: 51.790676","2.373"
"25301","ENSRNOG00000001711","Plaat1","phospholipase A and acyltransferase 1","Chr11: 71.537141","5.108","100.4","Chr11: 71.659727","-2.284"
"2204","ENSRNOG00000010412","Ccdc180","coiled-coil domain containing 180","Chr5: 60.154882","2.280","99.2","Chr7: 59.856327","1.675"
"6666","ENSRNOG00000047321","Hba-a3","hemoglobin alpha, adult chain 3","Chr10: 15.312393","4.244","99.0","Chr10: 15.438463","-2.475"
"21812","ENSRNOG00000032871","Mlc1","modulator of VRAC current 1","Chr7: 120.067048","8.928","98.3","Chr7: 120.051699","-3.077"
"6589","UNCHAR_H2ac18","H2ac18","histone cluster 2 H2A family member A2","Chr2: 183.808397","4.599","98.2","Chr2: 183.798575","-3.491"
"13125","UNCHAR_LOC120093158","LOC120093158","uncharacterized LOC120093158","Chr2: 91.501917","7.144","97.8","Chr2: 90.622770","1.244"
"6260","ENSRNOG00000016336","Gpbp1l2","GC-rich promoter binding protein 1-like 2","Chr2: 221.964035","4.931","97.7","Chr5: 130.042292","-2.443"
"32203","ENSRNOG00000000767","Ubd","ubiquitin like modifier D","Chr20: 1.387437","6.756","96.3","Chr20: 1.568617","2.921"
"8525","ENSRNOG00000033517","LOC100360791","tumor protein, translationally-controlled 1 like 3","Chr1: 19.107388","11.177","95.3","Chr15: 50.896269","2.124"
"30894","ENSRNOG00000002882_1","Tnfrsf11a","zinc finger CCHC-type containing 2","Chr13: 21.928369","3.846","94.3","Chr13: 21.879457","-2.089"
"26944","UNCHAR_RGD1562690","RGD1562690","uncharacterized RGD1562690","Chr8: 30.363219","10.368","94.2","Chr1: 97.168285","1.641"
"15516","UNCHAR_LOC120096589","LOC120096589","uncharacterized LOC120096589","Chr14: 20.675110","2.562","93.7","Chr14: 19.903596","-1.792"
"22921","ENSRNOG00000012772","Nqo1","NAD(P)H quinone dehydrogenase 1","Chr19: 35.310527","8.403","93.4","Chr19: 35.245044","1.405"
"7236","ENSRNOG00000026087","Igfn1","immunoglobulin-like and fibronectin type III domain containing 1","Chr13: 47.427505","3.315","92.6","Chr13: 47.430013","3.601"
"28892","ENSRNOG00000086993","Slco1a5","solute carrier organic anion transporter family, member 1A5","Chr4: 175.254597","1.771","92.5","Chr4: 175.154923","-1.874"
"183","ENSRNOG00000065119","Acnat1","acyl-coenzyme A amino acid N-acyltransferase 1","Chr5: 63.801600","8.639","90.5","Chr5: 63.700422","3.022"
"8253","ENSRNOG00000013973","Lcn2","lipocalin 2","Chr3: 15.684032","1.930","89.9","Chr3: 15.375341","-2.438"
"26979","UNCHAR_RGD1563400","RGD1563400","uncharacterized RGD1563400","Chr12: 18.580285","4.560","89.3","Chr12: 19.031953","-1.986"
"10660","UNCHAR_LOC102554288","LOC102554288","uncharacterized LOC102554288","Chr3: 145.466044","4.284","86.2","Chr3: 145.050063","-2.409"
"20216","ENSRNOG00000054438","LOC292543","solute carrier family 7 member 3 like 1","Chr1: 66.053134","2.271","84.0","Chr1: 66.378703","2.077"
"28532","ENSRNOG00000010337","Slc13a2","solute carrier family 13 member 2","Chr10: 63.319126","7.000","83.5","Chr10: 63.165362","1.265"
"13470","UNCHAR_LOC120093670","LOC120093670","uncharacterized LOC120093670","Chr7: 92.999436","4.062","82.8","Chr7: 93.103623","-1.999"
"15514","UNCHAR_LOC120096585","LOC120096585","uncharacterized LOC120096585","Chr14: 20.406945","6.882","81.8","Chr14: 19.903596","1.901"
"29012","ENSRNOG00000087561","Smim40","small integral membrane protein 40","Chr20: 4.989049","6.138","81.6","Chr20: 5.002150","-1.796"
"20215","UNCHAR_LOC291863","LOC291863","uncharacterized LOC291863","Chr19: 22.560684","8.056","81.0","Chr19: 14.059434","2.286"
"392","ENSRNOG00000069176","Adh6","alcohol dehydrogenase 6 (class V)","Chr2: 226.903207","10.578","80.4","Chr2: 227.302230","-3.378"
"3049","ENSRNOG00000029644","Clec2l","C-type lectin domain family 2, member L","Chr4: 67.392117","4.079","79.6","Chr4: 67.575059","1.268"
"1308","ENSRNOG00000006926","Atp6v0d2","ATPase H+ transporting V0 subunit D2","Chr5: 33.385353","4.712","77.9","Chr5: 33.461794","1.824"
"4451","ENSRNOG00000016853","Dsg1","desmoglein 1","Chr18: 11.674686","3.094","77.5","Chr18: 12.192688","-2.199"
"9710","UNCHAR_LOC102549876","LOC102549876","uncharacterized LOC102549876","Chr5: 49.583549","5.907","76.8","Chr5: 49.404396","-1.638"
"26856","UNCHAR_RGD1561231","RGD1561231","uncharacterized RGD1561231","Chr17: 85.807841","3.439","76.8","Chr17: 85.401930","-1.804"
"32084","ENSRNOG00000008596","Ttll9","tubulin tyrosine ligase like 9","Chr3: 141.429350","3.668","76.7","Chr3: 141.406009","-1.673"
"28689","ENSRNOG00000011161","Slc2a12","solute carrier family 2 member 12","Chr1: 22.862203","6.988","76.0","Chr1: 22.842323","-1.027"
"9899","UNCHAR_LOC102550701","LOC102550701","uncharacterized LOC102550701","Chr8: 122.360139","3.888","75.6","Chr8: 123.157499","1.671"
"26762","UNCHAR_RGD1559482","RGD1559482","uncharacterized RGD1559482","Chr10: 100.174954","3.460","75.4","Chr10: 99.846935","-1.638"
"26194","ENSRNOG00000032656","Ptprt","protein tyrosine phosphatase, receptor type, T","Chr3: 151.288144","2.786","75.3","Chr3: 151.311512","2.561"
"8980","UNCHAR_LOC102546541","LOC102546541","uncharacterized LOC102546541","Chr1: 155.718309","4.486","74.9","Chr1: 157.103012","1.688"
"12902","UNCHAR_LOC108352728","LOC108352728","uncharacterized LOC108352728","Chr14: 20.404390","7.596","73.7","Chr14: 19.903596","1.851"
"27763","UNCHAR_RT1-CE2","RT1-CE2","RT1 class I, locus CE2","Chr20: 3.541840","5.646","73.7","Chr20: 4.602213","2.235"
"17104","UNCHAR_LOC120098830","LOC120098830","uncharacterized LOC120098830","Chr20: 3.371221","2.023","73.0","Chr20: 3.601132","1.493"
"4477","ENSRNOG00000018005","Duoxa1","dual oxidase maturation factor 1","Chr3: 109.260510","3.961","72.9","Chr3: 109.271062","-1.548"
"20454","UNCHAR_LOC685767","LOC685767","uncharacterized LOC685767","Chr11: 55.350432","2.940","72.1","Chr11: 55.372546","-1.894"
"5801","UNCHAR_Gabpb1l","Gabpb1l","GA binding protein transcription factor, beta subunit 1-like","Chr17: 50.356829","3.470","70.6","Chr3: 113.885548","1.602"
"29908","ENSRNOG00000024073","Syce1","synaptonemal complex central element protein 1","Chr1: 195.863173","1.284","70.3","Chr1: 196.097163","-1.713"
"22436","ENSRNOG00000074135","Nat3","N-acetyltransferase 3","Chr16: 22.175961","1.613","70.1","Chr16: 22.295536","-1.795"
"11281","ENSRNOG00000075943","LOC103691076","uncharacterized LOC103691076","Chr1: 85.183194","2.146","70.0","Chr1: 85.901814","-1.340"
"9778","UNCHAR_LOC102550180","LOC102550180","uncharacterized LOC102550180","Chr15: 27.915135","8.191","69.4","Chr15: 27.974218","1.021"
"27767","UNCHAR_RT1-CE6","RT1-CE6","RT1 class I, locus CE6","Chr20: 3.461855","1.517","69.0","Chr20: 3.601132","1.373"
"4760","ENSRNOG00000006853","Elavl2","ELAV like RNA binding protein 2","Chr5: 106.086462","2.626","68.6","Chr5: 106.507856","1.587"
"20573","UNCHAR_LOC690319","LOC690319","uncharacterized LOC690319","Chr6: 122.858813","1.566","68.4","Chr6: 123.067730","1.469"
"4571","ENSRNOG00000007408","Ebf4","EBF family member 4","Chr3: 117.498185","3.433","68.3","Chr3: 117.823761","-1.386"
"12492","UNCHAR_LOC108351291","LOC108351291","uncharacterized LOC108351291","Chr6: 122.172033","1.665","67.8","Chr5: 161.224488","1.332"
"27759","UNCHAR_RT1-CE13","RT1-CE13","RT1 class I, locus CE13","Chr20: 3.318049","4.420","67.6","Chr20: 4.680142","2.232"
"7375","ENSRNOG00000025948","Inava","innate immunity activator","Chr13: 47.687382","3.969","66.9","Chr13: 47.930266","-1.376"
"16959","UNCHAR_LOC120098616","LOC120098616","uncharacterized LOC120098616","Chr19: 19.942671","1.379","66.8","Chr19: 20.064558","-1.281"
"8155","ENSRNOG00000047941","Krtcap3","keratinocyte associated protein 3","Chr6: 25.122521","4.733","66.6","Chr6: 25.131442","1.348"
"17768","UNCHAR_LOC120099936","LOC120099936","uncharacterized LOC120099936","Chr1: 182.090610","5.087","66.2","Chr1: 182.323560","1.067"
"28659","ENSRNOG00000033251","Slc25a52","solute carrier family 25, member 52","Chr14: 45.398336","2.686","65.8","Chr5: 59.115211","1.334"
"6279","ENSRNOG00000010731","Gpm6a","glycoprotein m6a","Chr16: 36.973376","8.128","65.2","Chr16: 37.066228","1.170"
"10648","UNCHAR_LOC102554231","LOC102554231","uncharacterized LOC102554231","Chr12: 17.828029","4.570","65.2","Chr12: 17.789478","1.482"
"10934","UNCHAR_LOC102555623","LOC102555623","uncharacterized LOC102555623","Chr2: 226.558531","2.864","65.1","Chr2: 226.735033","-1.591"
"9000","UNCHAR_LOC102546604","LOC102546604","uncharacterized LOC102546604","Chr1: 12.073611","2.560","65.0","Chr1: 11.644866","1.528"
"15515","UNCHAR_LOC120096588","LOC120096588","uncharacterized LOC120096588","Chr14: 20.650774","2.877","65.0","Chr14: 19.903596","-1.781"
"18272","UNCHAR_LOC120100724","LOC120100724","uncharacterized LOC120100724","Chr2: 51.952729","2.824","64.9","Chr2: 52.627302","-1.640"
"11177","ENSRNOG00000016217","LOC103690178","nucleolar GTP-binding protein 1-like","Chr17: 61.404560","6.312","64.7","Chr17: 61.901363","1.461"
"272","ENSRNOG00000017901","Acy3","aminoacylase 3","Chr1: 201.279750","10.149","64.6","Chr1: 201.177465","-0.773"
"6977","ENSRNOG00000045838","Hps1","HPS1, biogenesis of lysosomal organelles complex 3 subunit 1","Chr1: 241.577256","7.499","64.5","Chr1: 241.553485","0.851"
"3817","UNCHAR_Cyp4f5","Cyp4f5","uncharacterized Cyp4f5","Chr7: 11.544039","4.923","64.2","Chr7: 11.496541","-1.047"
"5760","ENSRNOG00000016469","Fxyd2","FXYD domain-containing ion transport regulator 2","Chr8: 45.712900","4.686","64.2","Chr8: 45.814875","-1.216"
"6668","UNCHAR_Hbb-b1","Hbb-b1","hemoglobin, beta adult major chain","Chr1: 158.231674","8.034","64.2","Chr1: 158.468568","1.220"
"19329","UNCHAR_LOC120102367","LOC120102367","endogenous retrovirus group K member 21 Env polyprotein-like","Chr4: 147.708406","1.841","64.2","Chr4: 148.389881","-1.429"
"22233","UNCHAR_Mup4","Mup4","major urinary protein 4","Chr5: 74.964685","7.519","64.1","Chr5: 77.453923","-4.647"
"14915","UNCHAR_LOC120095687","LOC120095687","uncharacterized LOC120095687","Chr11: 76.630584","4.940","63.8","Chr11: 77.035984","-2.196"
"21486","ENSRNOG00000008694","Miox","myo-inositol oxygenase","Chr7: 120.405030","7.024","63.8","Chr7: 120.551699","1.524"
"8254","ENSRNOG00000074882","Lcn3","lipocalin 3","Chr3: 8.542791","2.171","63.3","Chr3: 9.132259","2.164"
"27765","ENSRNOG00000071228","RT1-CE4","RT1 class I, locus CE4","Chr20: 3.504534","8.054","63.1","Chr20: 5.002150","1.144"
"829","ENSRNOG00000033923","Aox2","aldehyde oxidase 2","Chr9: 59.828402","7.067","63.0","Chr9: 59.678566","1.965"
"9804","UNCHAR_LOC102550304","LOC102550304","uncharacterized LOC102550304","Chr3: 131.526273","3.713","63.0","Chr3: 132.076729","-1.203"
"10959","UNCHAR_LOC102555770","LOC102555770","uncharacterized LOC102555770","Chr1: 87.811245","5.184","62.9","Chr1: 87.967736","1.119"
"20206","UNCHAR_LOC259244","LOC259244","uncharacterized LOC259244","Chr5: 74.912889","6.810","62.1","Chr5: 74.310359","1.625"
"5117","ENSRNOG00000038825","Fabp12","fatty acid binding protein 12","Chr2: 91.539567","4.723","61.9","Chr2: 90.622770","-1.272"
"22597","ENSRNOG00000008716","Nefh","neurofilament heavy chain","Chr14: 79.840346","3.656","61.2","Chr14: 79.465350","1.485"
"1187","ENSRNOG00000020202","Asrgl1","asparaginase and isoaspartyl peptidase 1","Chr1: 206.027114","9.203","60.2","Chr1: 205.159275","-0.773"
"9561","UNCHAR_LOC102549163","LOC102549163","uncharacterized LOC102549163","Chr13: 101.814039","3.591","60.2","Chr13: 101.487789","-1.197"
"31151","ENSRNOG00000015347","Trim45","tripartite motif-containing 45","Chr2: 188.349978","5.427","60.0","Chr2: 187.994697","-0.928"
"4129","ENSRNOG00000053675","Dhh","desert hedgehog signaling molecule","Chr7: 130.056405","1.700","59.5","Chr7: 129.645702","-1.298"
"21318","ENSRNOG00000014711","Meiob","meiosis specific with OB-fold","Chr10: 13.833169","4.204","59.4","Chr10: 13.810068","-1.446"
"26934","UNCHAR_RGD1562525","RGD1562525","uncharacterized RGD1562525","Chr12: 17.682714","0.459","59.4","Chr12: 19.031953","0.891"
"11560","UNCHAR_LOC103692950","LOC103692950","uncharacterized LOC103692950","Chr7: 113.513046","2.609","59.3","Chr7: 113.404775","-1.407"
"8912","ENSRNOG00000042224_1","LOC100912642","cytochrome P450 2J3-like","Chr5: 110.930401","1.632","59.2","Chr5: 111.023453","-1.170"
"18995","UNCHAR_LOC120101826","LOC120101826","zinc finger protein 431-like","Chr3: 164.541156","2.009","59.2","Chr3: 164.153483","-1.414"
"12201","UNCHAR_LOC108350123","LOC108350123","uncharacterized LOC108350123","Chr2: 226.881248","2.871","58.9","Chr2: 227.454883","-2.212"
"229","ENSRNOG00000031211","Acsm5","acyl-CoA synthetase medium-chain family member 5","Chr1: 173.870872","11.034","58.7","Chr1: 172.059761","1.398"
"26947","UNCHAR_RGD1562739","RGD1562739","uncharacterized RGD1562739","Chr7: 90.404316","1.371","58.6","Chr7: 90.263240","-1.468"
"9916","UNCHAR_LOC102550769","LOC102550769","uncharacterized LOC102550769","Chr8: 48.226957","3.126","58.2","Chr8: 48.321392","2.064"
"32181","UNCHAR_Uap1l2","Uap1l2","uncharacterized Uap1l2","Chr6: 1.741395","1.596","58.0","Chr13: 83.183593","1.536"
"10609","UNCHAR_LOC102554057","LOC102554057","uncharacterized LOC102554057","Chr2: 43.504403","5.653","57.4","Chr2: 43.477907","1.462"
"18232","UNCHAR_LOC120100677","LOC120100677","uncharacterized LOC120100677","Chr2: 28.733014","1.871","57.4","Chr2: 28.799556","1.241"
"11212","UNCHAR_LOC103690538","LOC103690538","uncharacterized LOC103690538","Chr9: 59.901998","4.340","57.3","Chr9: 59.678566","1.299"
"10291","UNCHAR_LOC102552452","LOC102552452","uncharacterized LOC102552452","Chr12: 2.688004","1.622","57.1","Chr12: 2.754668","1.344"
"2124","UNCHAR_Cbr1l1","Cbr1l1","carbonyl reductase 1 like 1","Chr11: 32.876562","2.168","56.9","Chr11: 32.836831","2.322"
"7854","ENSRNOG00000060356","Kif15","kinesin family member 15","Chr8: 122.601887","2.894","56.5","Chr8: 123.157499","-1.237"
"3118","ENSRNOG00000014075","Clybl","citramalyl-CoA lyase","Chr15: 99.283643","7.920","56.1","Chr15: 99.417966","-0.837"
"30619","ENSRNOG00000027480","Tmem116","transmembrane protein 116","Chr12: 35.089408","2.576","56.0","Chr12: 34.960575","-1.357"
"1907","ENSRNOG00000014787","Cabp5","calcium binding protein 5","Chr1: 74.350810","1.547","55.8","Chr1: 76.986665","1.325"
"29554","ENSRNOG00000000172","Sqor","sulfide quinone oxidoreductase","Chr3: 109.841224","10.162","55.8","Chr3: 111.605111","0.762"
"26707","UNCHAR_RGD1306271","RGD1306271","uncharacterized RGD1306271","Chr4: 66.968406","4.682","55.5","Chr4: 67.075063","1.328"
"28790","ENSRNOG00000042332","Slc44a5","solute carrier family 44, member 5","Chr2: 242.911049","1.127","55.4","Chr2: 242.342321","-1.314"
"12804","UNCHAR_LOC108352416","LOC108352416","uncharacterized LOC108352416","Chr12: 6.233760","5.209","55.3","Chr12: 6.543668","-0.930"
"8536","UNCHAR_LOC100361025","LOC100361025","uncharacterized LOC100361025","Chr14: 87.552304","3.697","55.2","Chr1: 95.146648","1.172"
"9526","UNCHAR_LOC102548951","LOC102548951","uncharacterized LOC102548951","Chr18: 53.494663","1.872","55.1","Chr18: 54.066542","1.396"
"5038","ENSRNOG00000007118","Eva1a","eva-1 homolog A, regulator of programmed cell death","Chr4: 114.593772","9.564","54.9","Chr4: 114.802024","0.644"
"23170","ENSRNOG00000014465","Oca2","OCA2 melanosomal transmembrane protein","Chr1: 107.116277","2.513","54.9","Chr1: 106.636582","-1.415"
"29647","ENSRNOG00000007332","Sstr3","somatostatin receptor 3","Chr7: 110.108921","2.995","54.5","Chr7: 110.115189","-1.520"
"4577","ENSRNOG00000042253","Ecd","ecdysoneless cell cycle regulator","Chr15: 3.967208","7.242","54.1","Chr15: 3.520668","-0.673"
"908","ENSRNOG00000062320","Apof","apolipoprotein F","Chr7: 0.701020","11.386","53.9","Chr7: 1.964338","0.994"
"27751","ENSRNOG00000069480","RT1-A2","RT1 class Ia, locus A2","Chr20: 4.870938","11.181","53.8","Chr20: 3.210100","-1.373"
"30473","ENSRNOG00000038894","Timd4","T-cell immunoglobulin and mucin domain containing 4","Chr10: 31.185750","3.520","53.7","Chr10: 31.088556","-1.547"
"7951","ENSRNOG00000010959","Klhl25","kelch-like family member 25","Chr1: 129.724893","9.698","52.9","Chr1: 129.545323","-0.667"
"9217","UNCHAR_LOC102547621","LOC102547621","uncharacterized LOC102547621","Chr5: 56.952976","1.512","52.7","Chr5: 56.984189","1.056"
"5844","ENSRNOG00000008099","Galnt12","polypeptide N-acetylgalactosaminyltransferase 12","Chr5: 61.384574","1.466","52.5","Chr5: 61.077310","-1.085"
"17103","UNCHAR_LOC120098829","LOC120098829","uncharacterized LOC120098829","Chr20: 3.318106","4.457","52.4","Chr20: 4.679209","1.554"
"20269","UNCHAR_LOC498369","LOC498369","uncharacterized LOC498369","Chr14: 44.791252","1.664","52.1","Chr10: 86.167301","1.456"
"20384","UNCHAR_LOC681224","LOC681224","uncharacterized LOC681224","Chr18: 11.227028","4.514","52.1","Chr4: 25.286827","1.529"
"26756","UNCHAR_RGD1359290","RGD1359290","uncharacterized RGD1359290","Chr10: 92.373734","9.019","52.1","Chr18: 68.328736","2.040"
"5149","ENSRNOG00000002110","Fam114a1l1","family with sequence similarity 114, member A1-like 1","Chr9: 111.659570","1.328","51.9","Chr14: 43.285791","1.243"
"27039","UNCHAR_RGD1564597","RGD1564597","uncharacterized RGD1564597","Chr8: 100.576989","2.388","51.7","Chr8: 44.681539","-1.215"
"30651","ENSRNOG00000013238","Tmem14a","transmembrane protein 14A","Chr9: 23.640593","3.141","51.7","Chr9: 21.934821","-1.827"
"7254","ENSRNOG00000046216","Igsf7","immunoglobulin superfamily, member 7","Chr10: 100.153766","2.704","51.6","Chr10: 99.574645","1.623"
"5185","ENSRNOG00000022822","Fam169b","family with sequence similarity 169, member B","Chr1: 121.878669","5.961","51.5","Chr1: 121.226637","1.599"
"22406","ENSRNOG00000033693","Naip6","NLR family, apoptosis inhibitory protein 6","Chr2: 31.548479","5.474","51.3","Chr2: 31.327083","1.156"
"20462","UNCHAR_LOC685989","LOC685989","uncharacterized LOC685989","Chr19: 21.937395","2.849","50.8","Chr19: 13.144002","-1.886"
"22459","ENSRNOG00000042978","Ncald","neurocalcin delta","Chr7: 68.964739","5.918","50.5","Chr7: 68.665848","1.111"
"25128","ENSRNOG00000005569","Phospho1","phosphoethanolamine/phosphocholine phosphatase 1","Chr10: 80.762061","6.501","50.2","Chr10: 80.874886","0.706"
"29351","ENSRNOG00000008232","Spaca1","sperm acrosome associated 1","Chr5: 48.540675","0.374","50.0","Chr5: 48.237537","0.748"
"9163","UNCHAR_LOC102547398","LOC102547398","uncharacterized LOC102547398","Chr11: 80.468552","0.794","49.9","Chr11: 80.485948","0.830"
"28545","ENSRNOG00000018748","Slc16a11","solute carrier family 16, member 11","Chr10: 54.929128","6.473","49.9","Chr10: 55.177413","1.237"
"2517","ENSRNOG00000029841","Cdh19","cadherin 19","Chr13: 28.047489","1.657","49.8","Chr13: 24.309117","1.302"
"11424","UNCHAR_LOC103691939","LOC103691939","uncharacterized LOC103691939","Chr3: 143.139772","9.359","49.7","Chr8: 79.366724","0.765"
"18862","ENSRNOG00000068036","LOC120101644","sodium/nucleoside cotransporter 2-like","Chr3: 109.577555","7.844","49.6","Chr3: 109.271062","0.924"
"10352","UNCHAR_LOC102552752","LOC102552752","uncharacterized LOC102552752","Chr11: 77.335761","6.216","49.4","Chr11: 77.181196","-0.857"
"20522","UNCHAR_LOC689303","LOC689303","uncharacterized LOC689303","Chr17: 14.423634","4.592","49.3","Chr17: 14.426630","-0.929"
"32307","ENSRNOG00000058057","Uggt2","UDP-glucose glycoprotein glucosyltransferase 2","Chr15: 96.239357","3.312","49.3","Chr15: 96.098863","1.124"
"11440","UNCHAR_LOC103691992","LOC103691992","uncharacterized LOC103691992","Chr3: 164.305928","4.056","49.2","Chr3: 163.652536","-1.310"
"22480","ENSRNOG00000017155","Nck2","NCK adaptor protein 2","Chr9: 45.713978","5.794","49.1","Chr9: 47.546007","-1.152"
"28788","ENSRNOG00000011723","Slc44a3","solute carrier family 44, member 3","Chr2: 209.628181","4.038","48.4","Chr2: 209.824864","-1.035"
"9089","UNCHAR_LOC102547086","LOC102547086","uncharacterized LOC102547086","Chr4: 162.235045","7.374","48.2","Chr13: 103.716378","0.923"
"27750","ENSRNOG00000069209","RT1-A1","RT1 class Ia, locus A1","Chr20: 4.905308","6.392","48.1","Chr20: 5.521968","-1.886"
"6861","UNCHAR_Hmgb1-ps28","Hmgb1-ps28","high-mobility group box 1, pseudogene 28","Chr16: 48.746341","2.027","47.9","Chr12: 5.581347","1.188"
"10920","UNCHAR_LOC102555557","LOC102555557","MLV-related proviral Env polyprotein-like","Chr12: 26.822693","1.618","47.7","Chr12: 27.015140","-1.329"
"18943","UNCHAR_LOC120101770","LOC120101770","protein NDRG3-like","Chr3: 145.584912","0.832","47.7","Chr3: 145.190228","1.497"
"1024","ENSRNOG00000052354","Arhgef40","Rho guanine nucleotide exchange factor 40","Chr15: 24.672644","7.723","47.6","Chr15: 24.617522","0.652"
"9319","UNCHAR_LOC102548069","LOC102548069","uncharacterized LOC102548069","Chr20: 8.645567","4.128","47.4","Chr20: 8.746702","-1.033"
"10701","UNCHAR_LOC102554501","LOC102554501","uncharacterized LOC102554501","Chr3: 13.949382","0.921","47.4","Chr3: 13.657871","0.999"
"22861","ENSRNOG00000000442_2","Notch4","notch receptor 4","Chr20: 4.184465","4.891","47.4","Chr20: 4.680142","-0.919"
"17849","UNCHAR_LOC120100033","LOC120100033","uncharacterized LOC120100033","Chr1: 238.501942","5.834","46.9","Chr1: 238.452893","1.524"
"20850","ENSRNOG00000070531","Ltb","lymphotoxin beta","Chr20: 3.629380","6.009","46.8","Chr20: 3.210100","-1.007"
"7699","ENSRNOG00000046949","Kcnb1","potassium voltage-gated channel subfamily B member 1","Chr3: 155.913382","1.770","46.7","Chr3: 155.138696","-1.187"
"8560","ENSRNOG00000065743","LOC100361547","cytochrome P450, family 2, subfamily c, polypeptide 7 like 1","Chr1: 238.457700","1.859","46.7","Chr1: 238.452893","1.529"
"32690","ENSRNOG00000078605","Vom2r44","vomeronasal 2 receptor 44","Chr2: 148.497149","3.285","46.7","Chr2: 147.792901","1.243"
"33610","ENSRNOG00000057989","Zp2","zona pellucida glycoprotein 2","Chr1: 174.525287","0.403","46.6","Chr1: 175.800813","0.849"
"8502","UNCHAR_LOC100360200","LOC100360200","uncharacterized LOC100360200","Chr12: 10.211743","3.561","46.5","Chr12: 9.403643","1.268"
"9094","UNCHAR_LOC102547102","LOC102547102","uncharacterized LOC102547102","Chr7: 110.021714","8.279","46.5","Chr7: 110.115189","0.633"
"12180","UNCHAR_LOC108350069","LOC108350069","uncharacterized LOC108350069","Chr2: 183.522844","1.184","46.5","Chr2: 183.798575","0.927"
"12104","UNCHAR_LOC108349628","LOC108349628","uncharacterized LOC108349628","Chr1: 175.141463","1.163","46.4","Chr1: 175.800813","1.436"
"28206","ENSRNOG00000022932","Serhl2","serine hydrolase-like 2","Chr7: 114.246034","7.567","46.3","Chr7: 114.967349","0.675"
"13471","UNCHAR_LOC120093671","LOC120093671","uncharacterized LOC120093671","Chr7: 93.252518","0.495","46.1","Chr7: 93.103623","-0.855"
"27902","ENSRNOG00000036719","Samd10","sterile alpha motif domain containing 10","Chr3: 168.704426","5.195","46.1","Chr3: 168.114441","-0.961"
"30833","ENSRNOG00000010204","Tmem9","transmembrane protein 9","Chr13: 47.458485","7.734","45.8","Chr13: 47.430149","0.766"
"3373","ENSRNOG00000030904","Cpb1","carboxypeptidase B1","Chr2: 102.785627","3.143","45.6","Chr2: 102.851458","-1.457"
"8850","UNCHAR_LOC100911879","LOC100911879","cytochrome P450 like 1","Chr1: 238.597060","3.899","45.5","Chr1: 237.090968","-1.240"
"16376","UNCHAR_LOC120097786","LOC120097786","uncharacterized LOC120097786","Chr17: 8.011330","4.070","45.5","Chr17: 7.992823","-1.013"
"15110","UNCHAR_LOC120095967","LOC120095967","uncharacterized LOC120095967","Chr12: 33.243971","1.665","45.4","Chr12: 33.354417","-0.955"
"25264","UNCHAR_Pkib","Pkib","cAMP-dependent protein kinase inhibitor beta","Chr20: 36.965171","4.322","45.3","Chr20: 36.959102","1.191"
"26691","ENSRNOG00000027949","Rfx6","regulatory factor X, 6","Chr20: 31.019783","2.419","44.9","Chr20: 30.822703","-1.629"
"28443","ENSRNOG00000021474","Siglec5","sialic acid binding Ig-like lectin 5","Chr1: 93.768189","5.633","44.9","Chr1: 92.454009","-1.272"
"1575","ENSRNOG00000050819","Birc5","baculoviral IAP repeat-containing 5","Chr10: 103.072529","3.084","44.5","Chr10: 102.999385","-0.980"
"10864","UNCHAR_LOC102555308","LOC102555308","uncharacterized LOC102555308","Chr13: 94.160255","3.260","44.5","Chr13: 93.657711","-1.609"
"19798","UNCHAR_LOC120103042","LOC120103042","uncharacterized LOC120103042","Chr5: 160.700912","2.270","44.5","Chr5: 161.614974","0.979"
"10899","UNCHAR_LOC102555453","LOC102555453","uncharacterized LOC102555453","ChrX: 1.197282","10.115","44.3","Chr3: 16.490648","0.819"
"33504","ENSRNOG00000055608","Zfp94l1","zinc finger protein 94 like 1","Chr1: 79.896552","2.007","43.9","Chr1: 79.715297","-1.178"
"11974","UNCHAR_LOC108348901","LOC108348901","uncharacterized LOC108348901","Chr19: 16.500196","4.645","43.6","Chr19: 16.494076","-1.308"
"27816","ENSRNOG00000000279","Rtn4ip1","reticulon 4 interacting protein 1","Chr20: 47.382250","7.920","43.6","Chr20: 47.342075","0.657"
"9439","UNCHAR_LOC102548553","LOC102548553","uncharacterized LOC102548553","Chr4: 72.088277","4.025","43.4","Chr4: 71.606853","-0.924"
"27823","ENSRNOG00000066242","Rtp4","receptor (chemosensory) transporter protein 4","Chr11: 77.249193","9.795","43.4","Chr11: 77.181196","-0.662"
"1975","ENSRNOG00000013260","Calr3","calreticulin 3","Chr16: 17.396088","6.811","43.1","Chr16: 17.484384","0.577"
"26134","ENSRNOG00000015072","Ptgr1","prostaglandin reductase 1","Chr5: 73.802623","10.389","42.9","Chr5: 73.810363","-0.652"
"27135","UNCHAR_RGD1566212","RGD1566212","ATP synthase membrane subunit c locus 2 like 2","Chr2: 26.836361","0.587","42.8","Chr7: 133.796878","0.782"
"7673","ENSRNOG00000017788","Katnal2","katanin catalytic subunit A1 like 2","Chr18: 70.607885","4.857","42.7","Chr18: 70.329282","-1.029"
"20977","ENSRNOG00000021023","Mag","myelin-associated glycoprotein","Chr1: 86.163725","0.912","42.7","Chr1: 86.021287","-0.920"
"26771","UNCHAR_RGD1559588","RGD1559588","uncharacterized RGD1559588","Chr12: 17.398843","2.762","42.6","Chr12: 19.032032","1.234"
"9490","UNCHAR_LOC102548791","LOC102548791","uncharacterized LOC102548791","Chr10: 103.655143","2.172","42.4","Chr10: 103.865949","-1.069"
"226","ENSRNOG00000064951","Acsm2","acyl-CoA synthetase medium-chain family member 2","Chr1: 173.916367","7.579","42.3","Chr1: 177.193526","-1.642"
"8881","UNCHAR_LOC100912214","LOC100912214","uncharacterized LOC100912214","Chr9: 91.996237","3.137","42.3","Chr9: 92.433450","0.973"
"20757","ENSRNOG00000027971","Lrrc31","leucine rich repeat containing 31","Chr2: 112.702843","0.570","42.3","Chr2: 112.752818","-0.899"
"17166","UNCHAR_LOC120098896","LOC120098896","uncharacterized LOC120098896","Chr20: 4.865697","5.250","42.1","Chr20: 3.601132","0.715"
"11510","UNCHAR_LOC103692512","LOC103692512","uncharacterized LOC103692512","Chr5: 159.888453","4.894","42.0","Chr5: 159.179026","-0.917"
"14598","UNCHAR_LOC120095234","LOC120095234","uncharacterized LOC120095234","Chr10: 2.222455","2.429","42.0","Chr14: 0.492117","1.183"
"27800","ENSRNOG00000027513","Rtel1","regulator of telomere elongation helicase 1","Chr3: 168.427246","8.611","41.9","Chr3: 168.114441","-0.757"
"29907","ENSRNOG00000004200","Sybu","syntabulin","Chr7: 75.948918","4.008","41.8","Chr7: 75.723892","1.070"
"30986","ENSRNOG00000025601","Topaz1","testis and ovary specific TOPAZ 1","Chr8: 122.358242","2.791","41.8","Chr8: 123.157499","1.107"
"18861","ENSRNOG00000066870","LOC120101643","sodium/nucleoside cotransporter 2-like","Chr3: 109.505639","11.435","41.7","Chr3: 109.771053","-0.772"
"20134","UNCHAR_LOC120103562","LOC120103562","uncharacterized LOC120103562","Chr6: 98.801523","2.114","41.1","Chr6: 98.648176","-1.212"
"7765","ENSRNOG00000016675","Kcnn2","potassium calcium-activated channel subfamily N member 2","Chr18: 37.817965","7.961","40.8","Chr18: 35.289721","1.229"
"18242","ENSRNOG00000064284","LOC120100687","uncharacterized LOC120100687","Chr2: 31.489973","3.554","40.8","Chr2: 31.925135","-1.108"
"1192","ENSRNOG00000060105","Astn2","astrotactin 2","Chr5: 79.744020","3.021","40.6","Chr5: 79.948056","1.108"
"6224","ENSRNOG00000002936","Golt1a","golgi transport 1A","Chr13: 44.760355","8.251","40.4","Chr13: 44.694753","0.626"
"2458","ENSRNOG00000007178","Cd8a","CD8 subunit alpha","Chr4: 103.365803","5.029","40.3","Chr4: 104.212440","1.012"
"9736","UNCHAR_LOC102549998","LOC102549998","uncharacterized LOC102549998","Chr7: 120.407664","2.757","40.2","Chr7: 120.551699","1.130"
"20628","UNCHAR_LOC691418","LOC691418","uncharacterized LOC691418","Chr3: 106.164178","6.305","40.1","Chr3: 106.311986","1.085"
"10471","UNCHAR_LOC102553363","LOC102553363","uncharacterized LOC102553363","Chr1: 20.663698","7.107","39.9","Chr1: 20.006034","-0.827"
"22266","ENSRNOG00000042912","Mycbpap","Mycbp associated protein","Chr10: 79.470976","1.714","39.9","Chr10: 79.677697","0.962"
"19374","UNCHAR_LOC120102417","LOC120102417","uncharacterized LOC120102417","Chr4: 168.042534","2.181","39.5","Chr4: 168.248096","-1.049"
"20671","ENSRNOG00000014426","Lox","lysyl oxidase","Chr18: 45.977430","4.985","39.5","Chr18: 45.671598","1.759"
"9401","UNCHAR_LOC102548389","LOC102548389","uncharacterized LOC102548389","Chr12: 4.438667","7.142","39.4","Chr12: 4.504808","0.809"
"28186","UNCHAR_Sephs2","Sephs2","selenophosphate synthetase 2","Chr1: 181.895463","11.993","39.4","Chr1: 181.810195","-0.514"
"3220","ENSRNOG00000005286","Coch","cochlin","Chr6: 69.031138","4.822","39.3","Chr6: 69.282694","1.062"
"9531","UNCHAR_LOC102549007","LOC102549007","uncharacterized LOC102549007","Chr3: 164.291121","1.807","39.2","Chr3: 164.153483","-1.050"
"27756","UNCHAR_RT1-CE10","RT1-CE10","RT1 class I, locus CE11","Chr20: 3.380300","6.508","39.1","Chr20: 0.038589","-1.501"
"87","ENSRNOG00000007041","Abcg2","ATP binding cassette subfamily G member 2","Chr4: 87.676240","6.786","39.0","Chr4: 88.034264","-0.822"
"489","ENSRNOG00000017821","Agxt2","alanine-glyoxylate aminotransferase 2","Chr2: 59.336251","10.730","39.0","Chr2: 59.228537","-0.633"
"3537","ENSRNOG00000030719","Csmd1","CUB and Sushi multiple domains 1","Chr16: 72.218188","6.923","39.0","Chr16: 73.831735","-1.414"
"16202","ENSRNOG00000089199","LOC120097510","spindlin-1-like","Chr16: 0.218038","3.879","39.0","Chr17: 14.426630","1.207"
"1490","ENSRNOG00000009928","Bckdhb","branched chain keto acid dehydrogenase E1 subunit beta","Chr8: 84.845263","11.056","38.9","Chr8: 85.585197","-0.536"
"13035","UNCHAR_LOC108353253","LOC108353253","uncharacterized LOC108353253","Chr20: 3.260747","5.252","38.9","Chr20: 3.210100","-1.333"
"8838","ENSRNOG00000082841","LOC100911718","cytochrome P450 2C6-like","Chr1: 237.693100","11.750","38.8","Chr1: 237.090968","1.536"
"28062","ENSRNOG00000000500","Scube3","signal peptide, CUB domain and EGF like domain containing 3","Chr20: 6.199181","4.622","38.3","Chr20: 6.357718","1.144"
"30006","ENSRNOG00000005853","Tacr1","tachykinin receptor 1","Chr4: 114.920843","2.164","38.1","Chr4: 114.802566","1.247"
"32353","ENSRNOG00000029071","Unc5c","unc-5 netrin receptor C","Chr2: 230.180352","2.060","37.7","Chr2: 230.030788","1.191"
"5613","ENSRNOG00000007660","Fntb","farnesyltransferase, CAAX box, subunit beta","Chr6: 95.536614","4.709","37.5","Chr6: 95.470641","-0.977"
"9750","UNCHAR_LOC102550051","LOC102550051","uncharacterized LOC102550051","Chr10: 64.738278","5.611","37.5","Chr10: 64.736786","-0.915"
"3782","UNCHAR_Cyp2d5","Cyp2d5","uncharacterized Cyp2d5","Chr7: 113.904457","13.215","37.3","Chr7: 113.823396","0.674"
"3793","ENSRNOG00000011053","Cyp2u1","cytochrome P450, family 2, subfamily u, polypeptide 1","Chr2: 219.866958","7.584","37.2","Chr2: 219.970144","0.690"
"6066","ENSRNOG00000014357","Gja4","gap junction protein, alpha 4","Chr5: 139.635856","6.600","37.1","Chr5: 139.016294","-0.648"
"27754","UNCHAR_RT1-Bb","RT1-Bb","similar to RT1 class II histocompatibility antigen, B-1 beta chain precursor (RT1.B-beta(1))","Chr20: 4.602200","8.205","37.1","Chr20: 5.504017","-0.829"
"11828","ENSRNOG00000058436","LOC108348215","zinc finger protein 420-like","Chr1: 61.427012","3.639","37.0","Chr1: 58.660722","-1.423"
"32320","UNCHAR_Ugt2b-ps1","Ugt2b-ps1","UDP glycosyltransferase 2 family, polypeptide B, pseudogene 1","Chr14: 20.717534","8.826","37.0","Chr14: 19.903596","0.731"
"4916","ENSRNOG00000017286","Ephx2","epoxide hydrolase 2","Chr15: 40.327631","11.618","36.8","Chr15: 35.927510","-0.923"
"7532","ENSRNOG00000019741","Isyna1","inositol-3-phosphate synthase 1","Chr16: 18.841978","8.325","36.8","Chr16: 18.944552","0.725"
"28514","ENSRNOG00000037753","Slc10a2","solute carrier family 10 member 2","Chr16: 84.386527","5.326","36.7","Chr16: 84.221585","-1.218"
"7549","ENSRNOG00000046639","Itgae","integrin subunit alpha E","Chr10: 57.704812","6.410","36.6","Chr10: 56.935705","-0.687"
"25886","ENSRNOG00000019330","Procr","protein C receptor","Chr3: 144.254595","4.978","36.4","Chr3: 144.329719","-0.651"
"6667","ENSRNOG00000081310","Hbb","hemoglobin subunit beta","Chr1: 158.251831","10.732","36.3","Chr1: 158.468568","-0.898"
"24976","ENSRNOG00000057556","Pdzrn3","PDZ domain containing RING finger 3","Chr4: 133.996958","7.390","36.3","Chr4: 133.915066","0.895"
"27579","ENSRNOG00000032825","Rpl30l2","ribosomal protein L30-like 2","Chr10: 36.831984","8.046","36.3","Chr7: 68.207211","1.360"
"47","ENSRNOG00000039656","Abca17","ATP-binding cassette, subfamily A (ABC1), member 17","Chr10: 13.382220","2.808","36.2","Chr10: 13.286123","-0.928"
"390","ENSRNOG00000046357","Adh4","alcohol dehydrogenase 4 (class II), pi polypeptide","Chr2: 226.948716","10.145","36.2","Chr2: 227.299002","-0.943"
"6184","ENSRNOG00000025040","Gng10","G protein subunit gamma 10","Chr5: 73.856123","9.927","36.2","Chr5: 73.810363","0.479"
"20133","UNCHAR_LOC120103561","LOC120103561","uncharacterized LOC120103561","Chr6: 98.790230","1.397","36.0","Chr6: 97.992218","1.111"
"195","ENSRNOG00000032508","Acot5","acyl-CoA thioesterase 5","Chr6: 103.701907","7.096","35.6","Chr6: 103.587155","0.836"
"8646","UNCHAR_LOC100363423","LOC100363423","uncharacterized LOC100363423","Chr10: 75.508353","4.000","35.6","Chr10: 75.461046","-0.935"
"3805","ENSRNOG00000082592","Cyp4a2","cytochrome P450, family 4, subfamily a, polypeptide 2","Chr5: 128.934187","12.789","35.4","Chr5: 128.754736","0.826"
"6645","ENSRNOG00000081861","Harbi1","harbinger transposase derived 1","Chr3: 77.681430","5.117","35.3","Chr3: 78.131964","-0.680"
"13847","UNCHAR_LOC120094216","LOC120094216","uncharacterized LOC120094216","Chr8: 84.870784","2.376","35.3","Chr8: 84.736853","-1.065"
"20309","UNCHAR_LOC501467","LOC501467","uncharacterized LOC501467","Chr19: 0.018788","1.655","35.3","Chr19: 13.144002","-1.404"
"22439","ENSRNOG00000015799","Nat8f1","N-acetyltransferase 8 (GCN5-related) family member 1","Chr4: 118.342908","2.534","35.2","Chr4: 118.133979","-0.812"
"25099","ENSRNOG00000018874","Phf19","PHD finger protein 19","Chr3: 18.197288","7.509","34.9","Chr3: 17.943348","-0.880"
"26133","ENSRNOG00000008245","Ptgis","prostaglandin I2 synthase","Chr3: 155.964227","4.444","34.7","Chr3: 155.974515","0.828"
"20945","ENSRNOG00000011826","Lzts1","leucine zipper tumor suppressor 1","Chr16: 20.542755","3.335","34.6","Chr16: 19.290322","-1.132"
"20236","UNCHAR_LOC304725","LOC304725","uncharacterized LOC304725","Chr13: 12.864306","1.419","34.5","Chr13: 12.697811","0.956"
"20443","UNCHAR_LOC685453","LOC685453","uncharacterized LOC685453","Chr5: 113.944482","1.059","34.4","Chr5: 114.372409","0.796"
"26561","ENSRNOG00000013794","Rbp1","retinol binding protein 1","Chr8: 99.025217","11.246","34.3","Chr8: 98.607081","0.649"
"10124","UNCHAR_LOC102551693","LOC102551693","uncharacterized LOC102551693","Chr1: 204.680567","5.602","34.2","Chr1: 205.159275","0.969"
"3637","ENSRNOG00000014064","Ctsh","cathepsin H","Chr8: 90.608940","12.954","33.7","Chr8: 90.485971","-0.462"
"33570","ENSRNOG00000022199","Zmynd12","zinc finger, MYND-type containing 12","Chr5: 133.026916","2.970","33.6","Chr5: 133.068819","-0.863"
"420","ENSRNOG00000047545","Adra2a","adrenoceptor alpha 2A","Chr1: 253.061479","0.895","33.5","Chr1: 252.591777","0.813"
"912","UNCHAR_Apol3","Apol3","uncharacterized Apol3","Chr7: 109.288724","8.468","33.5","Chr7: 109.593956","-0.864"
"25805","ENSRNOG00000031993","Prim1","DNA primase subunit 1","Chr7: 0.446341","6.981","33.5","Chr7: 0.693685","-0.510"
"28911","UNCHAR_Slfn3","Slfn3","schlafen family member 4","Chr10: 68.020481","4.014","33.3","Chr10: 68.151584","-0.775"
"33418","ENSRNOG00000031478","Zfp663","zinc finger protein 663","Chr3: 154.102520","0.623","33.3","Chr3: 153.986705","0.769"
"31992","ENSRNOG00000008758","Tspan18","tetraspanin 18","Chr3: 79.299906","6.762","33.2","Chr3: 79.134092","0.778"
"251","ENSRNOG00000019745","Actn3","actinin alpha 3","Chr1: 202.175011","1.013","33.1","Chr1: 204.059623","0.848"
"10725","UNCHAR_LOC102554611","LOC102554611","uncharacterized LOC102554611","Chr15: 47.588472","0.446","33.1","Chr15: 38.397019","0.647"
"28736","ENSRNOG00000009014","Slc35f2","solute carrier family 35, member F2","Chr8: 54.159969","1.334","32.8","Chr8: 54.179622","-1.107"
"11086","UNCHAR_LOC102556463","LOC102556463","uncharacterized LOC102556463","Chr9: 114.045240","5.969","32.7","Chr9: 113.311047","1.020"
"24921","ENSRNOG00000010280","Pde8b","phosphodiesterase 8B","Chr2: 26.479724","6.213","32.7","Chr2: 26.715322","0.895"
"2410","ENSRNOG00000046121","Cd300c","CD300c molecule","Chr10: 100.228253","0.447","32.5","Chr10: 99.574645","0.679"
"20332","UNCHAR_LOC678760","LOC678760","uncharacterized LOC678760","Chr3: 136.920236","7.286","32.5","Chr1: 203.288832","0.549"
"6093","ENSRNOG00000007561","Glb1l2","galactosidase, beta 1-like 2","Chr8: 25.166842","4.346","32.4","Chr8: 25.570084","1.062"
"31009","ENSRNOG00000007285","Tp53rkb","tumor protein p53 regulating kinase B","Chr3: 155.529297","4.500","32.3","Chr3: 155.748335","-0.645"
"8595","UNCHAR_LOC100362345","LOC100362345","uncharacterized LOC100362345","Chr5: 103.767985","3.815","32.2","Chr1: 218.891118","1.121"
"9496","UNCHAR_LOC102548820","LOC102548820","uncharacterized LOC102548820","Chr1: 180.915706","6.185","32.2","Chr1: 179.972680","-0.954"
"28552","ENSRNOG00000023476","Slc16a5","solute carrier family 16 member 5","Chr10: 100.707433","1.907","32.1","Chr10: 100.351953","1.288"
"21142","ENSRNOG00000042620","Marveld1","MARVEL domain containing 1","Chr1: 240.954049","8.000","32.0","Chr1: 239.747047","1.095"
"29427","ENSRNOG00000058275","Spef2","sperm flagellar 2","Chr2: 58.694717","1.290","32.0","Chr2: 58.606188","1.076"
"2255","ENSRNOG00000037206","Ccdc77","coiled-coil domain containing 77","Chr4: 153.565907","5.728","31.9","Chr4: 153.708588","-0.900"
"3775","ENSRNOG00000054181","Cyp2c6v1","cytochrome P450, family 2, subfamily C, polypeptide 6","Chr1: 237.938520","13.738","31.9","Chr1: 239.015809","1.458"
"4613","ENSRNOG00000012721","Ednra","endothelin receptor type A","Chr19: 30.233539","6.077","31.9","Chr19: 30.542433","1.064"
"18748","UNCHAR_LOC120101507","LOC120101507","uncharacterized LOC120101507","Chr3: 8.311241","2.952","31.9","Chr3: 8.470212","0.869"
"18284","UNCHAR_LOC120100740","LOC120100740","uncharacterized LOC120100740","Chr2: 59.601220","0.565","31.8","Chr2: 58.827052","-0.855"
"10582","UNCHAR_LOC102553885","LOC102553885","uncharacterized LOC102553885","Chr4: 83.693167","0.496","31.7","Chr4: 83.871948","0.693"
"29962","ENSRNOG00000004756","Syt2","synaptotagmin 2","Chr13: 46.088045","1.866","31.7","Chr13: 47.428898","-0.863"
"20381","UNCHAR_LOC681182","LOC681182","uncharacterized LOC681182","Chr12: 18.081409","1.146","31.6","Chr12: 18.368308","-0.871"
"24930","ENSRNOG00000010832","Pdgfrl","platelet-derived growth factor receptor-like","Chr16: 51.407849","1.941","31.6","Chr16: 51.428041","-0.847"
"27757","UNCHAR_RT1-CE11","RT1-CE11","RT1 class I, locus CE11","Chr20: 3.358519","3.251","31.6","Chr20: 3.210100","-0.955"
"27388","UNCHAR_Rnf8","Rnf8","ring finger protein 8","Chr20: 7.682257","9.012","31.5","Chr20: 7.862433","-0.577"
"28686","ENSRNOG00000001115","Slc29a4","solute carrier family 29 member 4","Chr12: 11.884659","4.174","31.5","Chr12: 12.536759","1.309"
"13382","UNCHAR_LOC120093570","LOC120093570","uncharacterized LOC120093570","Chr7: 34.301338","0.655","31.3","Chr7: 34.300659","0.756"
"30821","ENSRNOG00000019414","Tmem79","transmembrane protein 79","Chr2: 173.803150","3.880","31.2","Chr2: 173.599533","0.940"
"28256","ENSRNOG00000016831","Serpinh1","serpin family H member 1","Chr1: 153.650852","8.597","30.9","Chr1: 152.301954","-0.689"
"2515","ENSRNOG00000015562","Cdh17","cadherin 17","Chr5: 25.262819","10.981","30.8","Chr5: 24.888002","1.139"
"19719","UNCHAR_LOC120102953","LOC120102953","uncharacterized LOC120102953","Chr5: 129.021086","16.098","30.8","Chr5: 128.754736","0.695"
"2199","ENSRNOG00000004774","Ccdc175","coiled-coil domain containing 175","Chr6: 90.745014","5.774","30.7","Chr6: 90.719996","-0.560"
"32514","ENSRNOG00000029212","Vcan","versican","Chr2: 20.860636","3.882","30.7","Chr2: 20.357925","1.059"
"21816","ENSRNOG00000033809","Mlh1","mutL homolog 1","Chr8: 111.233720","7.044","30.6","Chr8: 109.619919","0.588"
"2125","ENSRNOG00000049693","Cbr1l2","carbonyl reductase 1 like 2","Chr11: 32.892639","2.918","30.5","Chr11: 33.102109","1.389"
"23307","ENSRNOG00000025957","Ooep","oocyte expressed protein","Chr8: 79.224553","1.875","30.4","Chr3: 48.171869","0.867"
"1612","ENSRNOG00000053384","Bmp7","bone morphogenetic protein 7","Chr3: 161.716937","6.549","30.3","Chr3: 162.046341","0.647"
"27331","ENSRNOG00000016123","Rnf144b","ring finger protein 144B","Chr17: 17.580686","9.915","30.2","Chr17: 17.400900","-0.792"
"18221","UNCHAR_LOC120100663","LOC120100663","uncharacterized LOC120100663","Chr2: 22.057536","8.126","30.1","Chr2: 22.703777","-1.314"
"19771","UNCHAR_LOC120103010","LOC120103010","uncharacterized LOC120103010","Chr5: 148.365130","5.800","30.1","Chr5: 148.448833","0.526"
"12025","UNCHAR_LOC108349084","LOC108349084","uncharacterized LOC108349084","Chr20: 43.012746","3.132","30.0","Chr20: 42.941343","-0.925"
"17090","ENSRNOG00000070630","LOC120098812","uncharacterized LOC120098812","Chr20: 7.149116","3.410","29.9","Chr7: 120.551699","-1.341"
"29668","ENSRNOG00000012083","St6galnac2","ST6 N-acetylgalactosaminide alpha-2,6-sialyltransferase 2","Chr10: 101.928411","3.552","29.9","Chr10: 101.964122","-0.925"
"8950","UNCHAR_LOC102546403","LOC102546403","uncharacterized LOC102546403","Chr10: 6.793512","2.722","29.8","Chr10: 8.602467","-1.141"
"22700","ENSRNOG00000026286","Nhlrc1","NHL repeat containing E3 ubiquitin protein ligase 1","Chr17: 17.674302","6.723","29.8","Chr17: 17.446549","0.734"
"28801","ENSRNOG00000023937","Slc49a3","solute carrier family 49 member 3","Chr14: 1.305090","3.676","29.8","Chr14: 0.011848","-0.923"
"24865","ENSRNOG00000003209","Pcp4l1","Purkinje cell protein 4-like 1","Chr13: 83.612630","7.428","29.7","Chr13: 83.183593","-0.999"
"28439","ENSRNOG00000015593","Sigirr","single Ig and TIR domain containing","Chr1: 196.208691","9.689","29.7","Chr1: 196.097163","0.569"
"30418","ENSRNOG00000045829","Thbs1","thrombospondin 1","Chr3: 105.056292","6.147","29.7","Chr3: 106.311986","-0.971"
"20892","ENSRNOG00000027516","Ly6g5b","lymphocyte antigen 6 family member G5B","Chr20: 3.705463","2.020","29.6","Chr20: 3.601132","0.845"
"22069","ENSRNOG00000001842","Mrps35","mitochondrial ribosomal protein S35","Chr4: 179.958066","9.659","29.6","Chr4: 179.868683","-0.503"
"31075","ENSRNOG00000021091","Trank1","tetratricopeptide repeat and ankyrin repeat containing 1","Chr8: 111.275972","2.377","29.6","Chr8: 110.715683","1.108"
"33510","ENSRNOG00000048577","Zfp955a","zinc finger protein 955A","Chr7: 12.769775","3.822","29.6","Chr7: 12.671864","-0.837"
"388","UNCHAR_Adh1","Adh1","uncharacterized Adh1","Chr2: 226.797302","15.544","29.5","Chr2: 227.302230","-0.533"
"8779","UNCHAR_LOC100910809","LOC100910809","uncharacterized LOC100910809","Chr6: 9.789421","5.463","29.4","Chr6: 10.388999","-0.709"
"8910","UNCHAR_LOC100912622","LOC100912622","uncharacterized LOC100912622","Chr2: 223.868545","6.045","29.2","Chr2: 223.720312","-0.654"
"27130","UNCHAR_RGD1566099","RGD1566099","uncharacterized RGD1566099","Chr13: 50.418973","6.294","29.1","Chr13: 50.307539","0.523"
"30999","ENSRNOG00000028649","Tox3","TOX high mobility group box family member 3","Chr19: 16.648337","2.208","29.1","Chr19: 16.494076","1.003"
"9448","UNCHAR_LOC102548590","LOC102548590","uncharacterized LOC102548590","Chr7: 82.247334","1.585","29.0","Chr7: 79.391659","-0.994"
"22097","ENSRNOG00000030689","Ms4a6c","membrane-spanning 4-domains, subfamily A, member 6C","Chr1: 208.153503","2.372","29.0","Chr1: 207.745267","0.860"
"25629","ENSRNOG00000010558","Ppif","peptidylprolyl isomerase F","Chr16: 1.257196","9.418","29.0","Chr16: 1.089073","-0.624"
"13517","UNCHAR_LOC120093718","LOC120093718","uncharacterized LOC120093718","Chr7: 127.681794","1.456","28.9","Chr7: 127.456612","0.847"
"394","ENSRNOG00000032959","Adh7","alcohol dehydrogenase 7 (class IV), mu or sigma polypeptide","Chr2: 226.748723","10.082","28.8","Chr2: 226.735033","0.611"
"32310","UNCHAR_Ugt1a2","Ugt1a2","uncharacterized Ugt1a2","Chr9: 88.791215","4.430","28.8","Chr9: 88.391594","1.481"
"570","ENSRNOG00000013004","Akr1d1","aldo-keto reductase family 1, member D1","Chr4: 66.154245","14.870","28.7","Chr4: 66.043143","0.567"
"18365","ENSRNOG00000063309","LOC120100841","guanine nucleotide exchange factor MSS4-like","Chr2: 153.400399","4.169","28.7","Chr2: 154.418888","-0.851"
"22531","ENSRNOG00000062245","Ndufa10l1","NADH dehydrogenase (ubiquinone) 1 alpha subcomplex 10-like 1","Chr6: 59.881251","7.640","28.7","Chr9: 92.945792","0.876"
"22899","ENSRNOG00000052873","Npnt","nephronectin","Chr2: 221.459526","7.281","28.7","Chr2: 220.787276","-0.743"
"32085","ENSRNOG00000046889_1","Ttn","diazepam binding inhibitor","Chr3: 61.924911","2.047","28.7","Chr3: 61.953620","-0.905"
"5134","ENSRNOG00000014727","Fahd1","fumarylacetoacetate hydrolase domain containing 1","Chr10: 13.874881","10.783","28.6","Chr10: 13.810068","-0.451"
"26195","ENSRNOG00000013515","Ptpru","protein tyrosine phosphatase, receptor type, U","Chr5: 144.024790","4.568","28.6","Chr5: 143.919137","0.699"
"3796","ENSRNOG00000000969","Cyp3a18","cytochrome P450, family 3, subfamily a, polypeptide 18","Chr12: 8.880508","14.435","28.4","Chr12: 8.927130","-0.797"
"12563","UNCHAR_LOC108351542","LOC108351542","uncharacterized LOC108351542","Chr7: 127.644634","5.612","28.3","Chr7: 127.401498","-0.665"
"20267","UNCHAR_LOC498300","LOC498300","uncharacterized LOC498300","Chr13: 92.772653","4.730","28.3","Chr13: 93.080372","0.842"
"13082","UNCHAR_LOC120093086","LOC120093086","uncharacterized LOC120093086","Chr9: 6.962603","9.610","28.1","Chr9: 7.458792","-0.731"
"25423","ENSRNOG00000013072","Plxna4","plexin A4","Chr4: 61.162205","5.460","28.0","Chr4: 61.095140","-1.022"
"26189","ENSRNOG00000005003","Ptprn2","protein tyrosine phosphatase, receptor type N2","Chr6: 137.439571","2.849","28.0","Chr6: 134.141777","-0.887"
"26840","UNCHAR_RGD1560860","RGD1560860","uncharacterized RGD1560860","Chr17: 54.808183","0.727","28.0","Chr17: 54.649901","0.625"
"2714","ENSRNOG00000091108","Ces1f","carboxylesterase 1F","Chr19: 13.796622","12.681","27.9","Chr19: 14.059434","0.629"
"6229","ENSRNOG00000003861","Gorab","golgin, RAB6-interacting","Chr13: 75.762306","4.941","27.9","Chr13: 76.104189","-0.750"
"12342","UNCHAR_LOC108350743","LOC108350743","uncharacterized LOC108350743","Chr4: 143.321780","0.297","27.9","Chr4: 139.912263","-0.653"
"13111","UNCHAR_LOC120093136","LOC120093136","uncharacterized LOC120093136","Chr9: 113.691782","4.847","27.9","Chr9: 113.311047","-0.996"
"2231","ENSRNOG00000011440","Ccdc39","coiled-coil domain 39 molecular ruler complex subunit","Chr2: 116.703353","4.166","27.6","Chr2: 116.261137","-0.548"
"20108","UNCHAR_LOC120103533","LOC120103533","uncharacterized LOC120103533","Chr6: 68.862837","2.506","27.6","Chr6: 69.282694","-1.011"
"10490","UNCHAR_LOC102553457","LOC102553457","uncharacterized LOC102553457","Chr1: 20.935165","1.296","27.4","Chr1: 21.009060","-0.741"
"128","ENSRNOG00000039906_2","Abo","histo-blood group ABO system transferase 3","Chr3: 10.182834","2.651","27.3","Chr3: 9.365033","0.733"
"160","ENSRNOG00000013975","Acat2l1","acetyl-CoA acetyltransferase 2-like 1","Chr1: 47.803821","5.638","27.3","Chr1: 46.405578","0.606"
"13200","UNCHAR_LOC120093266","LOC120093266","uncharacterized LOC120093266","Chr6: 117.258674","0.667","27.3","Chr6: 117.663609","0.977"
"6530","ENSRNOG00000085666","Gtpbp4","GTP binding protein 4","Chr17: 61.308032","7.665","27.2","Chr17: 61.901363","-0.750"
"8967","UNCHAR_LOC102546488","LOC102546488","uncharacterized LOC102546488","Chr12: 33.548396","1.007","27.2","Chr12: 34.958628","-0.679"
"12408","UNCHAR_LOC108351021","LOC108351021","uncharacterized LOC108351021","Chr5: 132.717160","1.389","27.0","Chr5: 132.015366","0.752"
"14652","UNCHAR_LOC120095308","LOC120095308","uncharacterized LOC120095308","Chr10: 105.526307","3.631","27.0","Chr10: 103.928376","0.914"
"17195","UNCHAR_LOC120098934","LOC120098934","uncharacterized LOC120098934","Chr20: 7.369460","1.896","27.0","Chr20: 7.361183","-0.791"
"20802","ENSRNOG00000028460","Lrrc8e","leucine rich repeat containing 8 VRAC subunit E","Chr12: 2.578239","2.898","26.9","Chr12: 0.093589","1.177"
"29663","ENSRNOG00000010284","St3gal5","ST3 beta-galactoside alpha-2,3-sialyltransferase 5","Chr4: 104.134612","7.885","26.9","Chr4: 103.109818","0.463"
"30681","ENSRNOG00000047635","Tmem178b","transmembrane protein 178B","Chr4: 68.659424","1.512","26.9","Chr4: 68.597411","0.924"
"54","ENSRNOG00000004040","Abca8","ATP binding cassette subfamily A member 8","Chr10: 94.991198","8.569","26.8","Chr10: 94.831297","-0.624"
"2248","ENSRNOG00000021381","Ccdc68","coiled-coil domain containing 68","Chr18: 63.541827","4.381","26.8","Chr18: 63.698544","1.000"
"4553","ENSRNOG00000047741","E2f2","E2F transcription factor 2","Chr5: 148.399192","5.531","26.8","Chr5: 148.448833","-0.560"
"17781","UNCHAR_LOC120099949","LOC120099949","uncharacterized LOC120099949","Chr1: 191.161741","7.833","26.8","Chr1: 191.798296","-1.249"
"28672","ENSRNOG00000000512","Slc26a8","solute carrier family 26 member 8","Chr20: 6.749477","9.342","26.7","Chr20: 7.361183","0.491"
"28727","ENSRNOG00000018649","Slc35c2","solute carrier family 35 member C2","Chr3: 154.023548","10.332","26.7","Chr3: 155.248247","0.662"
"2417","ENSRNOG00000020837","Cd300lg","Cd300 molecule-like family member G","Chr10: 86.991885","2.793","26.6","Chr10: 87.304756","0.942"
"5435","ENSRNOG00000018053","Fech","ferrochelatase","Chr18: 57.978326","11.275","26.6","Chr18: 57.851951","0.371"
"26980","UNCHAR_RGD1563402","RGD1563402","Cbp/p300-interacting transactivator with Glu/Asp-rich carboxy-terminal domain 1 like 1","Chr1: 204.760741","0.246","26.6","Chr1: 205.532359","0.454"
"10625","UNCHAR_LOC102554140","LOC102554140","uncharacterized LOC102554140","Chr7: 22.915243","2.668","26.5","Chr7: 22.853993","0.900"
"11172","UNCHAR_LOC103690119","LOC103690119","uncharacterized LOC103690119","Chr7: 7.548917","5.372","26.5","Chr7: 1.964338","0.932"
"5771","ENSRNOG00000062541","Fzd1","frizzled class receptor 1","Chr4: 29.310302","9.509","26.4","Chr4: 29.333030","0.526"
"6989","ENSRNOG00000001809","Hrg","histidine-rich glycoprotein","Chr11: 78.069401","15.170","26.4","Chr11: 78.236644","0.519"
"28412","UNCHAR_Shisal1","Shisal1","uncharacterized Shisal1","Chr7: 115.611517","2.378","26.2","Chr7: 116.128108","0.840"
"25206","ENSRNOG00000085391","Pilrb2","paired immunoglobin like type 2 receptor beta 2","Chr12: 17.779526","1.254","26.1","Chr12: 17.789478","-0.836"
"33160","ENSRNOG00000051682","Zcchc9","zinc finger CCHC-type containing 9","Chr2: 23.048248","7.978","26.1","Chr2: 23.116638","-0.507"
"20846","ENSRNOG00000054549_2","Lss","lanosterol synthase","Chr20: 12.118857","9.258","26.0","Chr20: 11.890295","-0.683"
"2865","ENSRNOG00000001915","Chodl","chondrolectin","Chr11: 17.654136","3.282","25.9","Chr19: 20.064558","0.916"
"30008","ENSRNOG00000009372","Tacr3","tachykinin receptor 3","Chr2: 223.266535","1.503","25.9","Chr2: 222.989955","0.959"
"3925","ENSRNOG00000004554","Dcn","decorin","Chr7: 32.281251","7.006","25.7","Chr7: 32.247877","-0.658"
"22189","ENSRNOG00000011420","Mtmr7","myotubularin related protein 7","Chr16: 51.641266","7.372","25.7","Chr16: 51.585652","-0.668"
"27761","UNCHAR_RT1-CE15","RT1-CE15","RT1 class I, locus CE15","Chr20: 3.279073","4.504","25.7","Chr20: 3.601052","-1.663"
"33121","ENSRNOG00000026898","Zbtb8b","zinc finger and BTB domain containing 8b","Chr5: 141.781618","1.554","25.7","Chr5: 142.075158","-0.784"
"19297","ENSRNOG00000077167","LOC120102331","uncharacterized LOC120102331","Chr4: 120.366388","0.832","25.6","Chr4: 114.991264","0.790"
"22440","ENSRNOG00000069710","Nat8f2","N-acetyltransferase 8 (GCN5-related) family member 2","Chr4: 118.323158","9.890","25.6","Chr4: 118.759427","0.522"
"27120","UNCHAR_RGD1565987","RGD1565987","uncharacterized RGD1565987","Chr5: 95.464872","2.802","25.5","Chr12: 11.169909","1.265"
"9462","UNCHAR_LOC102548668","LOC102548668","uncharacterized LOC102548668","Chr1: 243.600352","0.922","25.4","Chr1: 243.679443","-0.820"
"26251","ENSRNOG00000015807","Pyroxd2","pyridine nucleotide-disulphide oxidoreductase domain 2","Chr1: 241.549082","8.953","25.4","Chr1: 242.083216","-0.423"
"9911","UNCHAR_LOC102550746","LOC102550746","uncharacterized LOC102550746","Chr4: 84.310593","0.697","25.3","Chr4: 83.872142","-0.632"
"25806","ENSRNOG00000012486","Prim2","DNA primase subunit 2","Chr9: 35.904520","6.086","25.3","Chr9: 36.084298","-0.703"
"6533","ENSRNOG00000016148","Gtse1","G-2 and S-phase expressed 1","Chr7: 116.949996","6.586","25.1","Chr7: 113.823396","-0.862"
"15047","UNCHAR_LOC120095880","LOC120095880","uncharacterized LOC120095880","Chr12: 5.871914","2.907","25.1","Chr12: 5.581347","-0.976"
"1686","ENSRNOG00000002811","Brinp3","BMP/retinoic acid inducible neural specific 3","Chr13: 58.413882","0.612","24.9","Chr13: 58.873380","-0.557"
"6018","ENSRNOG00000007351","Ggh","gamma-glutamyl hydrolase","Chr5: 33.529879","7.551","24.9","Chr5: 33.951303","-0.493"
"4410","ENSRNOG00000025404","Dppa4","developmental pluripotency associated 4","Chr11: 52.578778","1.717","24.8","Chr11: 52.576144","-0.761"
"4475","ENSRNOG00000033348","Duox1","dual oxidase 1","Chr3: 109.260525","3.144","24.8","Chr3: 109.952427","-0.899"
"12161","ENSRNOG00000073489","LOC108349981","uncharacterized LOC108349981","Chr2: 93.554419","1.071","24.8","Chr2: 93.506741","0.789"
"22690","ENSRNOG00000005392","Ngfr","nerve growth factor receptor","Chr10: 80.533517","4.964","24.8","Chr10: 80.180154","-0.805"
"25763","ENSRNOG00000090755","Prcd","photoreceptor disc component","Chr10: 101.887550","4.791","24.8","Chr10: 101.964122","-0.639"
"27795","ENSRNOG00000032596","RT1-T24-3","RT1 class I, locus T24, gene 3","Chr20: 2.718209","5.906","24.8","Chr20: 2.611182","0.681"
"32083","ENSRNOG00000032311","Ttll8","tubulin tyrosine ligase like 8","Chr7: 120.046555","4.281","24.8","Chr7: 120.051699","-1.037"
"11427","UNCHAR_LOC103691947","LOC103691947","uncharacterized LOC103691947","Chr3: 149.001315","3.461","24.7","Chr3: 149.009277","-0.719"
"17108","UNCHAR_LOC120098834","LOC120098834","uncharacterized LOC120098834","Chr20: 3.367418","1.016","24.7","Chr20: 3.210100","-0.750"
"18503","UNCHAR_LOC120101061","LOC120101061","uncharacterized LOC120101061","Chr2: 0.061944","1.969","24.7","Chr7: 0.194932","1.113"
"5231","ENSRNOG00000049615","Fam228b","family with sequence similarity 228, member B","Chr6: 27.786577","3.038","24.6","Chr6: 27.798162","0.816"
"22032","ENSRNOG00000010540","Mrpl45","mitochondrial ribosomal protein L45","Chr10: 82.308649","7.745","24.6","Chr10: 82.311611","-0.464"
"30118","UNCHAR_Tatdn3","Tatdn3","uncharacterized Tatdn3","Chr13: 102.649048","6.247","24.6","Chr13: 102.773533","0.578"
"6476","ENSRNOG00000029861","Gsta2","glutathione S-transferase alpha 2","Chr8: 79.196826","14.513","24.5","Chr8: 79.364511","-0.554"
"30285","ENSRNOG00000060307","Ten1","TEN1 subunit of CST complex","Chr10: 101.431327","6.697","24.5","Chr10: 101.458721","-0.748"
"20520","UNCHAR_LOC689268","LOC689268","uncharacterized LOC689268","Chr9: 2.889693","0.737","24.3","Chr9: 5.014860","-1.086"
"25039","ENSRNOG00000082948","Pfn3","profilin 3","Chr17: 9.217594","2.046","24.3","Chr17: 9.399401","-0.922"
"2448","ENSRNOG00000017485","Cd72","Cd72 molecule","Chr5: 57.704979","2.912","24.2","Chr5: 56.984189","-0.767"
"10522","UNCHAR_LOC102553602","LOC102553602","uncharacterized LOC102553602","Chr1: 181.882682","4.948","24.2","Chr1: 181.810195","-0.888"
"19645","UNCHAR_LOC120102855","LOC120102855","uncharacterized LOC120102855","Chr5: 55.369680","6.713","24.2","Chr5: 55.748606","-0.455"
"29721","ENSRNOG00000049471","Steap3","STEAP3 metalloreductase","Chr13: 31.397343","9.385","24.2","Chr13: 31.408482","-0.560"
"6248","ENSRNOG00000085702_1","Gpat3","glycerol-3-phosphate acyltransferase 3","Chr14: 8.768050","2.800","24.1","Chr14: 8.876768","0.935"
"24520","ENSRNOG00000007886","Orm1","orosomucoid 1","Chr5: 76.766636","14.103","24.1","Chr5: 74.320691","-0.466"
"4254","ENSRNOG00000015590","Dnaaf1","dynein, axonemal, assembly factor 1","Chr19: 47.624533","0.787","24.0","Chr19: 47.911791","-0.736"
"7173","ENSRNOG00000015078","Ifitm3","interferon induced transmembrane protein 3","Chr1: 196.112134","10.268","24.0","Chr1: 196.097163","-0.675"
"11755","UNCHAR_LOC103694321","LOC103694321","uncharacterized LOC103694321","Chr19: 31.057605","7.107","24.0","Chr19: 31.054896","0.507"
"20721","ENSRNOG00000069198","Lrmda","leucine rich melanocyte differentiation associated","Chr15: 2.284763","6.077","24.0","Chr15: 2.159160","0.664"
"25935","ENSRNOG00000009564","Prr15","proline rich 15","Chr4: 83.432001","4.480","24.0","Chr4: 83.371802","0.763"
"661","ENSRNOG00000005266","Amdhd1","amidohydrolase domain containing 1","Chr7: 28.059155","9.086","23.9","Chr7: 27.863291","0.967"
"20146","UNCHAR_LOC120103580","LOC120103580","uncharacterized LOC120103580","Chr6: 106.285262","1.015","23.9","Chr6: 106.792796","0.688"
"28405","ENSRNOG00000025670","Shisa3","shisa family member 3","Chr14: 40.568243","4.579","23.9","Chr14: 40.562917","-0.822"
"28874","ENSRNOG00000029871","Slc8a3","solute carrier family 8 member A3","Chr6: 101.007988","1.817","23.9","Chr6: 100.831450","0.842"
"30190","ENSRNOG00000066894","Tcaf2c","TRPM8 channel associated factor 2C","Chr4: 71.567819","5.653","23.9","Chr4: 73.586885","0.576"
"7022","ENSRNOG00000002597","Hsd17b6","hydroxysteroid (17-beta) dehydrogenase 6","Chr7: 0.442007","12.534","23.8","Chr7: 0.693685","-0.661"
"10232","UNCHAR_LOC102552179","LOC102552179","uncharacterized LOC102552179","Chr6: 89.523181","6.753","23.8","Chr6: 88.072336","-0.622"
"18835","UNCHAR_LOC120101609","LOC120101609","uncharacterized LOC120101609","Chr3: 89.874680","4.915","23.8","Chr3: 89.610550","-0.682"
"20439","UNCHAR_LOC685291","LOC685291","uncharacterized LOC685291","Chr19: 22.439431","0.461","23.8","Chr19: 14.059434","-0.619"
"12434","UNCHAR_LOC108351105","LOC108351105","uncharacterized LOC108351105","Chr5: 128.430903","0.676","23.7","Chr5: 128.754736","-0.585"
"12776","ENSRNOG00000039678","LOC108352322","ferritin heavy chain-like","Chr11: 41.981718","4.339","23.7","Chr11: 42.534465","1.024"
"15264","UNCHAR_LOC120096223","LOC120096223","uncharacterized LOC120096223","Chr13: 10.007429","3.435","23.7","Chr15: 20.685537","0.768"
"15904","UNCHAR_LOC120097083","LOC120097083","uncharacterized LOC120097083","Chr15: 96.239365","0.214","23.7","Chr15: 95.608069","0.352"
"2368","ENSRNOG00000000923","Cct6a","chaperonin containing TCP1 subunit 6A","Chr12: 26.883124","9.962","23.6","Chr12: 27.015140","-0.501"
"2727","ENSRNOG00000079343","Cesl1","carboxylesterase-like 1","Chr19: 23.006328","10.827","23.6","Chr19: 21.826390","-0.540"
"11958","UNCHAR_LOC108348833","LOC108348833","uncharacterized LOC108348833","Chr18: 75.959367","7.274","23.6","Chr18: 77.007959","0.627"
"24798","ENSRNOG00000020119","Pcdha4","protocadherin alpha 4","Chr18: 28.581039","4.200","23.5","Chr18: 29.534165","-0.864"
"27755","ENSRNOG00000071235","RT1-CE1","RT1 class I, locus1","Chr20: 3.559486","5.275","23.5","Chr20: 2.687516","-0.737"
"11565","UNCHAR_LOC103692969","LOC103692969","uncharacterized LOC103692969","Chr7: 127.913953","2.584","23.4","Chr7: 127.957104","0.810"
"17107","UNCHAR_LOC120098833","LOC120098833","uncharacterized LOC120098833","Chr20: 3.437372","4.008","23.4","Chr20: 0.462329","0.669"
"6477","ENSRNOG00000056847","Gsta3","glutathione S-transferase alpha 3","Chr9: 23.658573","9.482","23.2","Chr9: 23.638823","0.875"
"9807","UNCHAR_LOC102550314","LOC102550314","uncharacterized LOC102550314","Chr15: 17.733790","1.459","23.2","Chr15: 16.723033","-1.710"
"13959","UNCHAR_LOC120094351","LOC120094351","uncharacterized LOC120094351","Chr8: 117.510060","1.298","23.2","Chr1: 81.358613","1.649"
"27656","UNCHAR_Rps2-ps18","Rps2-ps18","ribosomal protein S2, pseudogene 18","Chr10: 63.283053","10.348","23.2","Chr10: 13.286123","0.498"
"3327","ENSRNOG00000008901","Coro2a","coronin 2A","Chr5: 60.881916","5.318","23.1","Chr5: 61.803475","0.624"
"3769","ENSRNOG00000049464","Cyp2c13","cytochrome P450, family 2, subfamily c, polypeptide 13","Chr1: 238.867194","15.081","23.1","Chr1: 237.090968","-0.508"
"3797","ENSRNOG00000032560","Cyp3a2","cytochrome P450, family 3, subfamily a, polypeptide 2","Chr12: 9.230063","16.386","23.1","Chr12: 8.920635","0.546"
"5459","ENSRNOG00000021763","Ffar4","free fatty acid receptor 4","Chr1: 235.873575","2.026","23.0","Chr1: 235.806772","0.756"
"89","ENSRNOG00000069481_2","Abcg3l1","ATP-binding cassette, subfamily G (WHITE), member 3-like 1","Chr14: 5.177264","4.318","22.9","Chr14: 5.131747","-0.702"
"6670","UNCHAR_Hbb-bs","Hbb-bs","hemoglobin, beta adult s chain","Chr1: 158.219740","7.225","22.9","Chr1: 158.468568","-0.675"
"10508","UNCHAR_LOC102553540","LOC102553540","uncharacterized LOC102553540","Chr16: 56.801484","0.989","22.9","Chr16: 56.800466","-0.650"
"11478","UNCHAR_LOC103692300","LOC103692300","uncharacterized LOC103692300","Chr5: 22.916041","2.145","22.9","Chr5: 22.915517","-0.752"
"2192","ENSRNOG00000063478","Ccdc168","coiled-coil domain containing 168","Chr9: 46.236324","1.054","22.8","Chr9: 45.778455","-0.660"
"11107","UNCHAR_LOC102556643","LOC102556643","uncharacterized LOC102556643","Chr2: 51.929152","1.189","22.8","Chr2: 52.096109","0.920"
"17097","ENSRNOG00000079330","LOC120098823","uncharacterized LOC120098823","Chr20: 43.333974","0.964","22.7","Chr20: 42.941156","-0.695"
"22118","ENSRNOG00000000801","Msl3l2","male-specific lethal 3-like 2","Chr20: 35.468876","4.650","22.6","Chr20: 34.008046","0.590"
"32894","ENSRNOG00000020006","Wdr90","WD repeat domain 90","Chr10: 14.881284","5.818","22.6","Chr10: 11.228289","-1.035"
"13097","UNCHAR_LOC120093110","LOC120093110","sperm motility kinase X-like","Chr17: 85.679171","1.233","22.1","Chr17: 86.425192","-0.753"
"13789","UNCHAR_LOC120094140","LOC120094140","uncharacterized LOC120094140","Chr8: 48.730792","6.578","22.1","Chr8: 48.395474","-0.864"
"19182","UNCHAR_LOC120102191","LOC120102191","uncharacterized LOC120102191","Chr4: 0.214949","1.320","22.1","Chr7: 0.798459","0.757"
"3844","ENSRNOG00000019012","D2hgdh","D-2-hydroxyglutarate dehydrogenase","Chr9: 94.350554","9.458","22.0","Chr9: 93.867968","-0.312"
"26337","ENSRNOG00000062595_2","Rab5al1","Rab5a, member RAS oncogene family-like 1","Chr14: 68.332359","4.804","22.0","Chr9: 5.497561","0.737"
"26198","ENSRNOG00000049034","Ptrh1","peptidyl-tRNA hydrolase 1 homolog","Chr3: 16.064866","5.797","21.9","Chr3: 15.907235","0.569"
"28803","ENSRNOG00000020951","Slc4a1","solute carrier family 4 member 1 (Diego blood group)","Chr10: 87.323131","5.863","21.9","Chr10: 87.304756","-0.720"
"3806","ENSRNOG00000066878","Cyp4a3","cytochrome P450, family 4, subfamily a, polypeptide 3","Chr5: 129.115487","15.446","21.8","Chr5: 128.754736","0.411"
"28522","ENSRNOG00000005367","Slc12a1","solute carrier family 12 member 1","Chr3: 112.406139","4.323","21.8","Chr3: 112.517058","-1.367"
"10568","UNCHAR_LOC102553833","LOC102553833","uncharacterized LOC102553833","Chr8: 13.391710","6.721","21.7","Chr8: 13.603955","-0.887"
"21888","ENSRNOG00000015113","Mocos","molybdenum cofactor sulfurase","Chr18: 15.931658","8.254","21.7","Chr18: 17.711447","0.580"
"28535","ENSRNOG00000014870","Slc13a5","solute carrier family 13 member 5","Chr10: 56.891188","6.611","21.7","Chr10: 56.951051","-0.619"
"8793","UNCHAR_LOC100911030","LOC100911030","uncharacterized LOC100911030","Chr1: 207.703429","4.194","21.6","Chr1: 208.647015","-1.057"
"9295","UNCHAR_LOC102547959","LOC102547959","uncharacterized LOC102547959","Chr6: 33.959547","2.453","21.6","Chr6: 33.759201","-1.014"
"13804","UNCHAR_LOC120094159","LOC120094159","uncharacterized LOC120094159","Chr8: 53.903024","3.165","21.6","Chr8: 53.603588","-0.873"
"28392","ENSRNOG00000011357","Shbg","sex hormone binding globulin","Chr10: 54.350408","3.734","21.6","Chr10: 54.389422","-0.675"
"28578","ENSRNOG00000007509","Slc1a6","solute carrier family 1 member 6","Chr7: 10.870423","3.314","21.6","Chr7: 10.804295","0.964"
"6630","ENSRNOG00000014743","Hagh","hydroxyacyl glutathione hydrolase","Chr10: 13.874978","11.735","21.5","Chr10: 13.810068","-0.364"
"16150","UNCHAR_LOC120097448","LOC120097448","uncharacterized LOC120097448","Chr16: 55.695939","3.131","21.5","Chr16: 56.494473","-0.687"
"27760","UNCHAR_RT1-CE14","RT1-CE14","RT1 class I, locus CE14","Chr20: 3.300794","3.081","21.5","Chr20: 3.210100","-1.334"
"4473","ENSRNOG00000021086","Dtx4","deltex E3 ubiquitin ligase 4","Chr1: 209.545162","7.755","21.4","Chr1: 209.858238","0.417"
"5707","ENSRNOG00000007765","Frzb","frizzled-related protein","Chr3: 65.365207","5.225","21.4","Chr3: 164.153483","0.627"
"28639","UNCHAR_Slc25a34","Slc25a34","uncharacterized Slc25a34","Chr5: 153.936853","5.749","21.4","Chr5: 154.490878","0.530"
"196","UNCHAR_Acot5-ps1","Acot5-ps1","uncharacterized Acot5-ps1","Chr6: 103.729655","1.764","21.3","Chr6: 104.221203","-0.708"
"4592","ENSRNOG00000023576","Ecrg4","ECRG4 augurin precursor","Chr9: 45.992953","3.034","21.3","Chr9: 45.778455","-0.712"
"11759","UNCHAR_LOC103694354","LOC103694354","uncharacterized LOC103694354","Chr19: 50.620703","2.881","21.3","Chr19: 50.602551","-0.712"
"11873","UNCHAR_LOC108348488","LOC108348488","uncharacterized LOC108348488","Chr1: 53.829903","1.639","21.3","Chr1: 52.525836","-0.751"
"24503","ENSRNOG00000086094","Or9s13","olfactory receptor family 9 subfamily S member 13","Chr9: 93.184593","6.396","21.3","Chr9: 93.445957","0.628"
"13149","UNCHAR_LOC120093196","LOC120093196","uncharacterized LOC120093196","Chr6: 10.846117","2.687","21.2","Chr6: 10.913570","-0.736"
"22550","ENSRNOG00000040040","Ndufaf6","NADH:ubiquinone oxidoreductase complex assembly factor 6","Chr5: 24.171980","6.781","21.2","Chr5: 24.317350","0.497"
"32521","UNCHAR_Vdac1-ps11","Vdac1-ps11","voltage-dependent anion channel 1, pseudogene 11","Chr18: 50.003240","6.455","21.2","Chr18: 49.989962","-0.927"
"3823","ENSRNOG00000009730","Cyp7b1","cytochrome P450 family 7 subfamily B member 1","Chr2: 100.669712","8.178","21.0","Chr2: 113.158471","1.110"
"12211","UNCHAR_LOC108350210","LOC108350210","uncharacterized LOC108350210","Chr2: 41.032957","3.929","21.0","Chr2: 41.213503","0.738"
"5468","ENSRNOG00000087149","Fgf1","fibroblast growth factor 1","Chr18: 30.772666","6.944","20.9","Chr18: 30.640205","0.608"
"27937","ENSRNOG00000010244","Sarm1","sterile alpha and TIR motif containing 1","Chr10: 63.393015","4.082","20.9","Chr10: 63.165362","-0.702"
"29843","ENSRNOG00000001957","Sult1e1","sulfotransferase family 1E member 1","Chr14: 20.422323","13.793","20.9","Chr14: 19.903596","0.554"
"3807","ENSRNOG00000008842","Cyp4a8","cytochrome P450, family 4, subfamily a, polypeptide 8","Chr5: 128.733475","9.488","20.7","Chr5: 128.754736","-0.761"
"5450","ENSRNOG00000001806","Fetub","fetuin B","Chr11: 78.093021","16.812","20.7","Chr11: 78.236644","0.390"
"8773","ENSRNOG00000086899","LOC100910628","uncharacterized LOC100910628","Chr17: 27.350546","1.243","20.7","Chr17: 27.877255","0.782"
"10485","UNCHAR_LOC102553445","LOC102553445","uncharacterized LOC102553445","Chr20: 2.953611","4.361","20.7","Chr20: 2.611182","-0.751"
"10530","ENSRNOG00000079739","LOC102553657","uncharacterized LOC102553657","Chr1: 254.040656","3.250","20.7","Chr1: 254.116818","-0.787"
"28049","ENSRNOG00000002358","Scpep1","serine carboxypeptidase 1","Chr10: 73.732891","9.770","20.7","Chr10: 74.515870","-0.534"
"32818","ENSRNOG00000048898","Wasf3","WASP family member 3","Chr12: 8.660798","3.035","20.7","Chr12: 8.519571","-1.039"
"4598","UNCHAR_Eda2r","Eda2r","uncharacterized Eda2r","ChrX: 62.269332","4.348","20.6","Chr7: 120.551699","-1.063"
"8767","UNCHAR_LOC100910577","LOC100910577","uncharacterized LOC100910577","Chr7: 7.269878","6.035","20.6","Chr7: 5.080344","-0.608"
"10585","UNCHAR_LOC102553902","LOC102553902","uncharacterized LOC102553902","Chr16: 78.020943","3.377","20.6","Chr16: 77.866921","0.675"
"12645","UNCHAR_LOC108351885","LOC108351885","uncharacterized LOC108351885","Chr9: 10.025220","2.013","20.6","Chr9: 5.497561","-0.868"
"60","ENSRNOG00000066042","Abcb1b","ATP-binding cassette, sub-family B member 1B","Chr4: 25.325193","9.332","20.5","Chr7: 120.551699","-1.070"
"12279","UNCHAR_LOC108350502","LOC108350502","uncharacterized LOC108350502","Chr3: 141.273637","5.461","20.5","Chr10: 13.286123","0.611"
"22341","ENSRNOG00000011754","Myom2","myomesin 2","Chr16: 74.592657","0.983","20.5","Chr16: 74.331750","0.617"
"28833","ENSRNOG00000049955_2","Slc66a2","NPC1 like intracellular cholesterol transporter 1","Chr18: 73.702471","10.814","20.5","Chr18: 73.260752","0.403"
"79","ENSRNOG00000015538","Abcd2","ATP binding cassette subfamily D member 2","Chr7: 122.311641","3.251","20.4","Chr7: 122.125261","0.764"
"7145","ENSRNOG00000019519","Idnk","Idnk, gluconokinase","Chr17: 6.490779","7.551","20.4","Chr17: 5.904105","-0.411"
"28754","ENSRNOG00000004966","Slc38a11","solute carrier family 38, member 11","Chr3: 50.033614","0.156","20.4","Chr3: 49.827009","0.324"
"4273","ENSRNOG00000015581","Dnah6","dynein, axonemal, heavy chain 6","Chr4: 105.284360","3.792","20.3","Chr4: 104.785882","0.706"
"8869","UNCHAR_LOC100912066","LOC100912066","uncharacterized LOC100912066","Chr6: 22.373315","1.851","20.3","Chr6: 22.381910","0.708"
"28168","ENSRNOG00000002238","Sema5b","semaphorin 5B","Chr11: 65.225455","2.095","20.3","Chr11: 64.846426","-0.810"
"21271","ENSRNOG00000028047","Mecr","mitochondrial trans-2-enoyl-CoA reductase","Chr5: 144.029683","9.228","20.2","Chr5: 143.919137","0.354"
"30911","ENSRNOG00000036942","Tnfrsf9","TNF receptor superfamily member 9","Chr5: 161.381661","2.626","20.2","Chr5: 161.224488","-0.697"
"15808","ENSRNOG00000086576","LOC120096970","T cell receptor alpha variable 5-like","Chr15: 27.196883","1.106","20.1","Chr15: 27.318194","0.635"
"27997","ENSRNOG00000013279","Scd3","stearoyl-coenzyme A desaturase 3","Chr1: 243.093056","0.384","20.1","Chr1: 243.327780","0.540"
"3196","ENSRNOG00000004438","Cntn1","contactin 1","Chr7: 123.263145","1.261","20.0","Chr7: 123.722148","0.728"
"9266","UNCHAR_LOC102547840","LOC102547840","uncharacterized LOC102547840","Chr9: 12.415348","5.992","20.0","Chr9: 12.406679","0.554"
"19835","UNCHAR_LOC120103114","LOC120103114","uncharacterized LOC120103114","Chr5: 112.442855","3.392","20.0","Chr5: 112.457794","-0.619"
"22956","ENSRNOG00000004067","Nrcam","neuronal cell adhesion molecule","Chr6: 61.402812","5.311","20.0","Chr7: 120.551699","-0.886"
"29934","UNCHAR_Syne4","Syne4","spectrin repeat containing nuclear envelope family member 4","Chr1: 85.569408","5.738","20.0","Chr1: 84.965439","-0.583"
